{"cameraMode":{"drawMode":0,"name":"Shaded","section":"Shading Mode"},"sceneLighting":true,"audioPlay":false,"sceneViewState":{"m_AlwaysRefresh":false,"showFog":true,"showSkybox":true,"showFlares":true,"showImageEffects":true,"showParticleSystems":true,"showVisualEffectGraphs":true,"m_FxEnabled":true},"in2DMode":false,"pivot":{"x":52.3502197265625,"y":7.539434432983398,"z":-1.2626268863677979},"rotation":{"x":-0.3521939516067505,"y":0.019401565194129945,"z":-0.0072846803814172749,"w":-0.9356862902641296},"size":9.530660629272461,"orthographic":false}