{"cameraMode":{"drawMode":0,"name":"Shaded","section":"Shading Mode"},"sceneLighting":true,"audioPlay":false,"sceneViewState":{"m_AlwaysRefresh":false,"showFog":true,"showSkybox":true,"showFlares":true,"showImageEffects":true,"showParticleSystems":true,"showVisualEffectGraphs":true,"m_FxEnabled":true},"in2DMode":false,"pivot":{"x":42.149574279785159,"y":-10.89316463470459,"z":41.59178924560547},"rotation":{"x":0.09163089841604233,"y":0.34819769859313967,"z":-0.03725440800189972,"w":0.9321792721748352},"size":44.84855651855469,"orthographic":false}