{"cameraMode":{"drawMode":0,"name":"Shaded","section":"Shading Mode"},"sceneLighting":true,"audioPlay":false,"sceneViewState":{"m_AlwaysRefresh":false,"showFog":true,"showSkybox":true,"showFlares":true,"showImageEffects":true,"showParticleSystems":true,"showVisualEffectGraphs":true,"m_FxEnabled":true},"in2DMode":false,"pivot":{"x":49.332000732421878,"y":-0.22312164306640626,"z":-29.839679718017579},"rotation":{"x":0.2602490186691284,"y":-0.303429514169693,"z":0.08652709424495697,"w":0.9125528931617737},"size":100.78974151611328,"orthographic":false}