{"cameraMode":{"drawMode":0,"name":"Shaded","section":"Shading Mode"},"sceneLighting":false,"audioPlay":false,"sceneViewState":{"m_AlwaysRefresh":false,"showFog":true,"showSkybox":false,"showFlares":true,"showImageEffects":true,"showParticleSystems":true,"showVisualEffectGraphs":true,"m_FxEnabled":true},"in2DMode":false,"pivot":{"x":18.35049819946289,"y":1.4449195861816407,"z":23.273761749267579},"rotation":{"x":-0.012888778932392598,"y":0.9801707863807678,"z":-0.06804429739713669,"w":-0.18566082417964936},"size":0.8660253882408142,"orthographic":false}