{"cameraMode":{"drawMode":0,"name":"Shaded","section":"Shading Mode"},"sceneLighting":false,"audioPlay":false,"sceneViewState":{"m_AlwaysRefresh":false,"showFog":true,"showSkybox":false,"showFlares":true,"showImageEffects":true,"showParticleSystems":true,"showVisualEffectGraphs":true,"m_FxEnabled":true},"in2DMode":false,"pivot":{"x":15.717534065246582,"y":1.305032730102539,"z":20.499156951904298},"rotation":{"x":0.0010334820253774524,"y":0.98334139585495,"z":0.005595576949417591,"w":-0.18168166279792787},"size":3.6211533546447756,"orthographic":false}