{"cameraMode":{"drawMode":0,"name":"Shaded","section":"Shading Mode"},"sceneLighting":false,"audioPlay":false,"sceneViewState":{"m_AlwaysRefresh":false,"showFog":true,"showSkybox":false,"showFlares":true,"showImageEffects":true,"showParticleSystems":true,"showVisualEffectGraphs":true,"m_FxEnabled":true},"in2DMode":false,"pivot":{"x":14.775279998779297,"y":0.23166465759277345,"z":23.17357635498047},"rotation":{"x":-0.09672579914331436,"y":0.7905515432357788,"z":-0.12945298850536347,"w":-0.5906907320022583},"size":10.987443923950196,"orthographic":false}