{"cameraMode":{"drawMode":0,"name":"Shaded","section":"Shading Mode"},"sceneLighting":false,"audioPlay":false,"sceneViewState":{"m_AlwaysRefresh":false,"showFog":true,"showSkybox":false,"showFlares":true,"showImageEffects":true,"showParticleSystems":true,"showVisualEffectGraphs":true,"m_FxEnabled":true},"in2DMode":false,"pivot":{"x":21.884788513183595,"y":0.06116163730621338,"z":21.927358627319337},"rotation":{"x":0.03219718858599663,"y":0.8153284192085266,"z":-0.045550551265478137,"w":0.5763058662414551},"size":2.9660253524780275,"orthographic":false}