{"cameraMode":{"drawMode":0,"name":"Shaded","section":"Shading Mode"},"sceneLighting":false,"audioPlay":false,"sceneViewState":{"m_AlwaysRefresh":false,"showFog":true,"showSkybox":false,"showFlares":true,"showImageEffects":true,"showParticleSystems":true,"showVisualEffectGraphs":true,"m_FxEnabled":true},"in2DMode":false,"pivot":{"x":-0.944589376449585,"y":1.2110263109207154,"z":0.3374735713005066},"rotation":{"x":-0.000040575727325631306,"y":0.9999145865440369,"z":-0.0033093488309532406,"w":-0.013197861611843109},"size":1.6024179458618165,"orthographic":true}