{"cameraMode":{"drawMode":0,"name":"Shaded","section":"Shading Mode"},"sceneLighting":false,"audioPlay":false,"sceneViewState":{"m_AlwaysRefresh":false,"showFog":true,"showSkybox":false,"showFlares":true,"showImageEffects":true,"showParticleSystems":true,"showVisualEffectGraphs":true,"m_FxEnabled":true},"in2DMode":false,"pivot":{"x":-1.006779432296753,"y":0.7582916021347046,"z":0.3374482989311218},"rotation":{"x":0.00026198942214250565,"y":0.9969372153282166,"z":-0.0032992097549140455,"w":0.0782218873500824},"size":1.7677059173583985,"orthographic":true}