{"cameraMode":{"drawMode":0,"name":"Shaded","section":"Shading Mode"},"sceneLighting":false,"audioPlay":false,"sceneViewState":{"m_AlwaysRefresh":false,"showFog":true,"showSkybox":false,"showFlares":true,"showImageEffects":true,"showParticleSystems":true,"showVisualEffectGraphs":true,"m_FxEnabled":true},"in2DMode":false,"pivot":{"x":2.0808753967285158,"y":0.7345802783966065,"z":-0.1385657787322998},"rotation":{"x":0.009170424193143845,"y":-0.6671977639198303,"z":0.7448102831840515,"w":0.008182576857507229},"size":5.209875106811523,"orthographic":true}