{"cameraMode":{"drawMode":0,"name":"Shaded","section":"Shading Mode"},"sceneLighting":false,"audioPlay":false,"sceneViewState":{"m_AlwaysRefresh":false,"showFog":true,"showSkybox":false,"showFlares":true,"showImageEffects":true,"showParticleSystems":true,"showVisualEffectGraphs":true,"m_FxEnabled":true},"in2DMode":false,"pivot":{"x":-0.46548664569854739,"y":0.5952824950218201,"z":0.7652685642242432},"rotation":{"x":-0.4295652508735657,"y":0.5379577875137329,"z":-0.37066254019737246,"w":-0.623464822769165},"size":2.1883223056793215,"orthographic":true}