{"cameraMode":{"drawMode":0,"name":"Shaded","section":"Shading Mode"},"sceneLighting":false,"audioPlay":false,"sceneViewState":{"m_AlwaysRefresh":false,"showFog":true,"showSkybox":false,"showFlares":true,"showImageEffects":true,"showParticleSystems":true,"showVisualEffectGraphs":true,"m_FxEnabled":true},"in2DMode":false,"pivot":{"x":-15.493610382080079,"y":1.4887468814849854,"z":-10.48359489440918},"rotation":{"x":-0.0053679621778428558,"y":0.8998576998710632,"z":-0.01107665803283453,"w":-0.4360131025314331},"size":14.492655754089356,"orthographic":false}