{"cameraMode":{"drawMode":0,"name":"Shaded","section":"Shading Mode"},"sceneLighting":false,"audioPlay":false,"sceneViewState":{"m_AlwaysRefresh":false,"showFog":true,"showSkybox":false,"showFlares":true,"showImageEffects":true,"showParticleSystems":true,"showVisualEffectGraphs":true,"m_FxEnabled":true},"in2DMode":false,"pivot":{"x":-0.09904308617115021,"y":-20.0975399017334,"z":2.8190197944641115},"rotation":{"x":0.006879771593958139,"y":0.6727721691131592,"z":-0.7397931814193726,"w":0.006257954984903336},"size":14.796276092529297,"orthographic":false}