{"cameraMode":{"drawMode":0,"name":"Shaded","section":"Shading Mode"},"sceneLighting":false,"audioPlay":false,"sceneViewState":{"m_AlwaysRefresh":false,"showFog":true,"showSkybox":false,"showFlares":true,"showImageEffects":true,"showParticleSystems":true,"showVisualEffectGraphs":true,"m_FxEnabled":true},"in2DMode":false,"pivot":{"x":31.132720947265626,"y":-6.804804801940918,"z":21.573823928833009},"rotation":{"x":0.14296221733093263,"y":0.34946730732917788,"z":-0.05710987374186516,"w":0.9242095947265625},"size":4.207394599914551,"orthographic":false}